feature,key,spearman_rho,p_value
amsp,amsp,0.882988116906883,7.365158950815332e-45
