model,method,beta,target_recall,thr,val_precision,val_recall,val_Fbeta,test_precision,test_recall,test_Fbeta,PR_AUC_test
xgb_tuned,f2,2.0,0.8,0.12105351,0.14814814814814814,0.8,0.4255319148933114,0.09999999999999501,0.33333333333327775,0.22727272727239153,0.2072111415201166
logreg,f2,2.0,0.8,0.6424950514770721,0.18181818181818182,0.8,0.4761904761901644,0.16666666666665278,0.33333333333327775,0.2777777777774614,0.09580826605192737
rf,f2,2.0,0.8,0.076,0.16,0.8,0.4444444444441358,0.14285714285713266,0.33333333333327775,0.26315789473651663,0.08593551368780727
mlp,f2,2.0,0.8,0.4492140715753304,0.18181818181818182,0.4,0.32258064516100415,0.09090909090908264,0.16666666666663887,0.14285714285685305,0.1386063431517977
