model,PR_AUC_test
xgb_tuned,0.2072111415201166
mlp,0.1386063431517977
logreg,0.09580826605192737
rf,0.08593551368780727
