{
  "mode": "fbeta",
  "beta": 2.0,
  "target_recall": 0.8,
  "thresholds": {
    "logreg": 0.6424950514770721,
    "rf": 0.076,
    "mlp": 0.4492140715753304,
    "xgb": 0.03866981,
    "xgb_tuned": 0.12105351
  }
}