model,Thr,PR_AUC,PR_AUC_ci_low,PR_AUC_ci_high,ROC_AUC,ROC_AUC_ci_low,ROC_AUC_ci_high,F1,F1_ci_low,F1_ci_high,Recall@Thr,Recall_ci_low,Recall_ci_high,Precision@Thr,Precision_ci_low,Precision_ci_high
xgb_tuned,0.12105351,0.2072111415201166,0.023497819383125118,0.6721369787340941,0.6181102362204725,0.34105050594709746,0.8797154471544714,0.15384615384615385,0.0,0.35714285714285715,0.3333333333333333,0.0,0.75,0.1,0.0,0.25
mlp,0.4492140715753304,0.1386063431517977,0.04149032044193334,0.3575699390215519,0.7375328083989503,0.4183318425760287,0.9236641221374046,0.11764705882352941,0.0,0.33369565217391267,0.16666666666666666,0.0,0.5,0.09090909090909091,0.0,0.3
xgb,0.03866981,0.1376229810887179,0.02291994672381852,0.510940935631097,0.6154855643044619,0.3435884353741496,0.865136968766001,0.15384615384615385,0.0,0.3480590062111799,0.3333333333333333,0.0,0.75,0.1,0.0,0.25
logreg,0.6424950514770721,0.09580826605192737,0.026309459893357756,0.30956702006082903,0.6351706036745406,0.3992215103095502,0.855736343503937,0.2222222222222222,0.0,0.5,0.3333333333333333,0.0,0.75,0.16666666666666666,0.0,0.41696428571428545
rf,0.076,0.08593551368780727,0.026100449408639585,0.25206315690690684,0.6266404199475066,0.35736262436672156,0.8600013286564625,0.2,0.0,0.4444444444444444,0.3333333333333333,0.0,0.75,0.14285714285714285,0.0,0.36363636363636365
