{
  "model": "logistic_regression",
  "variant": "logreg",
  "params_best": {
    "C": 0.1,
    "penalty": "l1"
  },
  "cv_folds": 5,
  "cv_best_AP": 0.3902420850129208,
  "class_weight": "balanced",
  "threshold_for_report": 0.35,
  "prevalence": {
    "train": 0.041935483870967745,
    "val": 0.03759398496240601,
    "test": 0.045112781954887216
  },
  "train": {
    "PR_AUC": 0.33549939913693216,
    "ROC_AUC": 0.8785936285936287,
    "F1": 0.17037037037037037,
    "Recall@Thr": 0.8846153846153846,
    "Thr": 0.35
  },
  "val": {
    "PR_AUC": 0.18110501567398118,
    "ROC_AUC": 0.8515625,
    "F1": 0.15151515151515152,
    "Recall@Thr": 1.0,
    "Thr": 0.35
  },
  "test": {
    "PR_AUC": 0.09580826605192737,
    "ROC_AUC": 0.6351706036745406,
    "F1": 0.10526315789473684,
    "Recall@Thr": 0.5,
    "Thr": 0.35
  },
  "artifacts": {
    "coefs_path": {
      "path": "artifacts/interpretability/logreg_coefs.csv",
      "n_features": 39,
      "method": "statsmodels.Logit (no penalty)"
    },
    "preds_saved": true,
    "model_path": null
  }
}