{
  "model": "logistic_regression",
  "variant": "logreg",
  "params_best": {
    "C": 0.5,
    "penalty": "l2"
  },
  "cv_folds": 5,
  "cv_best_AP": 0.3802685327694752,
  "class_weight": "balanced",
  "threshold_for_report": 0.35,
  "prevalence": {
    "train": 0.041935483870967745,
    "val": 0.03759398496240601,
    "test": 0.045112781954887216
  },
  "train": {
    "PR_AUC": 0.3726438005745931,
    "ROC_AUC": 0.912004662004662,
    "F1": 0.21495327102803738,
    "Recall@Thr": 0.8846153846153846,
    "Brier": 0.12841525870940626,
    "Thr": 0.35
  },
  "val": {
    "PR_AUC": 0.10794381667908769,
    "ROC_AUC": 0.78125,
    "F1": 0.13793103448275862,
    "Recall@Thr": 0.8,
    "Brier": 0.17753543457289464,
    "Thr": 0.35
  },
  "test": {
    "PR_AUC": 0.16818829827470833,
    "ROC_AUC": 0.6797900262467191,
    "F1": 0.13333333333333333,
    "Recall@Thr": 0.5,
    "Brier": 0.1424455437553871,
    "Thr": 0.35
  },
  "baseline_val": {
    "PR_AUC": 0.03759398496240601,
    "ROC_AUC": 0.5,
    "F1": 0.0,
    "Recall@Thr": 0.0,
    "Brier": 0.03759398496240601,
    "Thr": 0.35
  },
  "baseline_test": {
    "PR_AUC": 0.045112781954887216,
    "ROC_AUC": 0.5,
    "F1": 0.0,
    "Recall@Thr": 0.0,
    "Brier": 0.045112781954887216,
    "Thr": 0.35
  },
  "artifacts": {
    "model_path": "artifacts/models/logreg.joblib",
    "probas_saved": false
  }
}