{
  "model": "lr",
  "smote": {
    "sampling_strategy": 1.0,
    "k_neighbors": 5,
    "seed": 42
  },
  "threshold_selection": {
    "mode": "recall",
    "sampling_strategy": 1.0,
    "smote_k": 5,
    "target_recall": 0.8
  },
  "selected_threshold": 0.0,
  "val": {
    "Precision": 0.03759398496240601,
    "Recall": 1.0,
    "F1": 0.07246376811594203,
    "PR_AUC": 0.08655438764134415,
    "ROC_AUC": 0.7328125000000001,
    "Brier": 0.1710716522646358,
    "Thr": 0.0
  },
  "test": {
    "Precision": 0.045112781954887216,
    "Recall": 1.0,
    "F1": 0.08633093525179857,
    "PR_AUC": 0.16157407407407406,
    "ROC_AUC": 0.6811023622047244,
    "Brier": 0.1278986316907871,
    "Thr": 0.0
  }
}