{
  "model": "lr",
  "threshold_selection": {
    "mode": "recall",
    "target_recall": 0.8
  },
  "selected_threshold": 0.0,
  "val": {
    "Precision": 0.03759398496240601,
    "Recall": 1.0,
    "F1": 0.07246376811594203,
    "PR_AUC": 0.08610743610743611,
    "ROC_AUC": 0.7203125,
    "Brier": 0.17996010622070185,
    "Thr": 0.0
  },
  "test": {
    "Precision": 0.045112781954887216,
    "Recall": 1.0,
    "F1": 0.08633093525179857,
    "PR_AUC": 0.1643748110229899,
    "ROC_AUC": 0.6811023622047244,
    "Brier": 0.14434274812838466,
    "Thr": 0.0
  }
}