{
  "model": "mlp",
  "threshold_selection": {
    "mode": "recall",
    "target_recall": 0.8
  },
  "selected_threshold": 0.0,
  "val": {
    "Precision": 0.03759398496240601,
    "Recall": 1.0,
    "F1": 0.07246376811594203,
    "PR_AUC": 0.060135972420003174,
    "ROC_AUC": 0.640625,
    "Brier": 0.07266941826294819,
    "Thr": 0.0
  },
  "test": {
    "Precision": 0.045112781954887216,
    "Recall": 1.0,
    "F1": 0.08633093525179857,
    "PR_AUC": 0.05064796972226218,
    "ROC_AUC": 0.5118110236220472,
    "Brier": 0.06251096411714337,
    "Thr": 0.0
  }
}