{
  "model": "mlp",
  "threshold": 0.35,
  "prevalence": {
    "train": 0.041935483870967745,
    "val": 0.03759398496240601,
    "test": 0.045112781954887216
  },
  "val": {
    "PR_AUC": 0.09623432123432123,
    "ROC_AUC": 0.7734375,
    "F1": 0.1,
    "Recall@Thr": 0.2,
    "Brier": 0.08898642749822554,
    "Thr": 0.35
  },
  "test": {
    "PR_AUC": 0.06875526844955332,
    "ROC_AUC": 0.6272965879265092,
    "F1": 0.0,
    "Recall@Thr": 0.0,
    "Brier": 0.06634448324382057,
    "Thr": 0.35
  },
  "baseline_val": {
    "PR_AUC": 0.03759398496240601,
    "ROC_AUC": 0.5,
    "F1": 0.0,
    "Recall@Thr": 0.0,
    "Brier": 0.03759398496240601,
    "Thr": 0.35
  },
  "baseline_test": {
    "PR_AUC": 0.045112781954887216,
    "ROC_AUC": 0.5,
    "F1": 0.0,
    "Recall@Thr": 0.0,
    "Brier": 0.045112781954887216,
    "Thr": 0.35
  }
}