{
  "model": "rf",
  "threshold": 0.35,
  "prevalence": {
    "train": 0.041935483870967745,
    "val": 0.03759398496240601,
    "test": 0.045112781954887216
  },
  "val": {
    "PR_AUC": 0.12407894736842104,
    "ROC_AUC": 0.8328125,
    "F1": 0.1,
    "Recall@Thr": 0.2,
    "Brier": 0.0634601832357478,
    "Thr": 0.35
  },
  "test": {
    "PR_AUC": 0.09962463207990185,
    "ROC_AUC": 0.5826771653543308,
    "F1": 0.0,
    "Recall@Thr": 0.0,
    "Brier": 0.055415716673046275,
    "Thr": 0.35
  },
  "baseline_val": {
    "PR_AUC": 0.03759398496240601,
    "ROC_AUC": 0.5,
    "F1": 0.0,
    "Recall@Thr": 0.0,
    "Brier": 0.03759398496240601,
    "Thr": 0.35
  },
  "baseline_test": {
    "PR_AUC": 0.045112781954887216,
    "ROC_AUC": 0.5,
    "F1": 0.0,
    "Recall@Thr": 0.0,
    "Brier": 0.045112781954887216,
    "Thr": 0.35
  }
}