{
  "model": "rf",
  "threshold_for_report": 0.35,
  "prevalence": {
    "train": 0.041935483870967745,
    "val": 0.03759398496240601,
    "test": 0.045112781954887216
  },
  "train": {
    "PR_AUC": 0.9999999999999999,
    "ROC_AUC": 1.0,
    "F1": 1.0,
    "Recall@Thr": 1.0,
    "Thr": 0.35
  },
  "val": {
    "PR_AUC": 0.11560637184166597,
    "ROC_AUC": 0.81875,
    "F1": 0.0,
    "Recall@Thr": 0.0,
    "Thr": 0.35
  },
  "test": {
    "PR_AUC": 0.08593551368780727,
    "ROC_AUC": 0.6266404199475066,
    "F1": 0.0,
    "Recall@Thr": 0.0,
    "Thr": 0.35
  },
  "artifacts": {
    "preds_saved": true,
    "model_path": "artifacts\\models\\rf.joblib",
    "importances_path": "artifacts\\interpretability\\rf_importances.csv"
  }
}