{
  "model": "rf",
  "threshold_selection": {
    "mode": "recall",
    "target_recall": 0.8
  },
  "selected_threshold": 0.0,
  "val": {
    "Precision": 0.03759398496240601,
    "Recall": 1.0,
    "F1": 0.07246376811594203,
    "PR_AUC": 0.13356288935236305,
    "ROC_AUC": 0.85625,
    "Brier": 0.0628532413509151,
    "Thr": 0.0
  },
  "test": {
    "Precision": 0.045112781954887216,
    "Recall": 1.0,
    "F1": 0.08633093525179857,
    "PR_AUC": 0.1178347782544528,
    "ROC_AUC": 0.6076115485564304,
    "Brier": 0.05703354483400977,
    "Thr": 0.0
  }
}