{
  "model": "xgb",
  "smote": {
    "sampling_strategy": 0.3,
    "k_neighbors": 5,
    "seed": 42
  },
  "threshold_selection": {
    "mode": "fbeta",
    "sampling_strategy": 0.3,
    "smote_k": 5,
    "beta": 2.0,
    "val_best_Fbeta": 0.42553191489361697
  },
  "selected_threshold": 0.034,
  "val": {
    "Precision": 0.14814814814814814,
    "Recall": 0.8,
    "F1": 0.25,
    "PR_AUC": 0.1197250605145342,
    "ROC_AUC": 0.8234375,
    "Brier": 0.06173124540662059,
    "Thr": 0.034
  },
  "test": {
    "Precision": 0.05263157894736842,
    "Recall": 0.16666666666666666,
    "F1": 0.08,
    "PR_AUC": 0.10468227424749163,
    "ROC_AUC": 0.5511811023622047,
    "Brier": 0.05074118957218869,
    "Thr": 0.034
  }
}