{
  "model": "xgb",
  "threshold_selection": {
    "mode": "recall",
    "target_recall": 0.8
  },
  "selected_threshold": 0.0,
  "val": {
    "Precision": 0.03759398496240601,
    "Recall": 1.0,
    "F1": 0.07246376811594203,
    "PR_AUC": 0.11396360153256704,
    "ROC_AUC": 0.809375,
    "Brier": 0.06844110717671133,
    "Thr": 0.0
  },
  "test": {
    "Precision": 0.045112781954887216,
    "Recall": 1.0,
    "F1": 0.08633093525179857,
    "PR_AUC": 0.16561579107912708,
    "ROC_AUC": 0.6561679790026247,
    "Brier": 0.048318519881151344,
    "Thr": 0.0
  }
}