{
  "model": "xgb_tuned",
  "threshold_for_report": 0.35,
  "prevalence": {
    "train": 0.041935483870967745,
    "val": 0.03759398496240601,
    "test": 0.045112781954887216
  },
  "val": {
    "PR_AUC": 0.11062623879961342,
    "ROC_AUC": 0.79375,
    "F1": 0.1111111111111111,
    "Recall@Thr": 0.2,
    "Thr": 0.35
  },
  "test": {
    "PR_AUC": 0.2072111415201166,
    "ROC_AUC": 0.6181102362204725,
    "F1": 0.4,
    "Recall@Thr": 0.3333333333333333,
    "Thr": 0.35
  }
}