{
  "cv_folds": 4,
  "cv_repeats": 8,
  "trials": 120,
  "best_cv_ap_agg": 0.15873056958651197,
  "best_cv_ap_mean": 0.28725023939350003,
  "best_cv_ap_std": 0.12851966980698806,
  "best_config": {
    "depth": 3,
    "mcw": 2.0,
    "lr": 0.01,
    "n_estimators": 1500,
    "subsample": 0.8870816018515865,
    "colsample": 0.9300674910814583,
    "lambda": 10.0,
    "alpha": 0.3,
    "booster": "gbtree",
    "rate_drop": 0.0,
    "skip_drop": 0.0,
    "spw_mode": "sqrt"
  },
  "final_train_on": "train",
  "val_metrics": {
    "PR_AUC": 0.10630902970155878,
    "ROC_AUC": 0.784375,
    "F1": 0.0,
    "Recall@Thr": 0.0,
    "Thr": 0.35
  },
  "test_metrics": {
    "PR_AUC": 0.2085573252445975,
    "ROC_AUC": 0.6286089238845145,
    "F1": 0.2222222222222222,
    "Recall@Thr": 0.16666666666666666,
    "Thr": 0.35
  },
  "xgboost_version": "3.0.5"
}