{
  "beta": 1.0,
  "best_threshold": 0.18499999999999997,
  "oof_train_ap": 0.16498158686541192,
  "config": {
    "depth": 3,
    "mcw": 2.0,
    "lr": 0.01,
    "n_estimators": 1500,
    "subsample": 0.8870816018515865,
    "colsample": 0.9300674910814583,
    "lambda": 10.0,
    "alpha": 0.3,
    "booster": "gbtree",
    "rate_drop": 0.0,
    "skip_drop": 0.0,
    "spw_mode": "sqrt",
    "es_rounds": 0
  },
  "val": {
    "PR_AUC": 0.11062623879961342,
    "ROC_AUC": 0.79375,
    "F1": 0.16666666666666666,
    "Precision@Thr": 0.10526315789473684,
    "Recall@Thr": 0.4,
    "Brier": 0.06199221692257758,
    "Thr": 0.18499999999999997
  },
  "test": {
    "PR_AUC": 0.2072111415201166,
    "ROC_AUC": 0.6181102362204725,
    "F1": 0.2,
    "Precision@Thr": 0.14285714285714285,
    "Recall@Thr": 0.3333333333333333,
    "Brier": 0.04809912768992131,
    "Thr": 0.18499999999999997
  }
}