{
  "model": "xgb",
  "threshold": 0.35,
  "prevalence": {
    "train": 0.041935483870967745,
    "val": 0.03759398496240601,
    "test": 0.045112781954887216
  },
  "val": {
    "PR_AUC": 0.12064625850340135,
    "ROC_AUC": 0.8265625,
    "F1": 0.0,
    "Recall@Thr": 0.0,
    "Brier": 0.07002890423169165,
    "Thr": 0.35
  },
  "test": {
    "PR_AUC": 0.16395648347394953,
    "ROC_AUC": 0.6535433070866141,
    "F1": 0.18181818181818182,
    "Recall@Thr": 0.16666666666666666,
    "Brier": 0.0502806976126462,
    "Thr": 0.35
  },
  "baseline_val": {
    "PR_AUC": 0.03759398496240601,
    "ROC_AUC": 0.5,
    "F1": 0.0,
    "Recall@Thr": 0.0,
    "Brier": 0.03759398496240601,
    "Thr": 0.35
  },
  "baseline_test": {
    "PR_AUC": 0.045112781954887216,
    "ROC_AUC": 0.5,
    "F1": 0.0,
    "Recall@Thr": 0.0,
    "Brier": 0.045112781954887216,
    "Thr": 0.35
  }
}