{
  "cv_folds": 4,
  "cv_repeats": 8,
  "trials": 120,
  "best_cv_ap_agg": 0.16216750505798097,
  "best_cv_ap_mean": 0.2881072259712608,
  "best_cv_ap_std": 0.12593972091327985,
  "best_config": {
    "depth": 3,
    "mcw": 2.0,
    "lr": 0.01,
    "n_estimators": 1500,
    "subsample": 0.8870816018515865,
    "colsample": 0.9300674910814583,
    "lambda": 10.0,
    "alpha": 0.3,
    "booster": "gbtree",
    "rate_drop": 0.0,
    "skip_drop": 0.0,
    "spw_mode": "sqrt",
    "es_rounds": 0
  },
  "final_train_on": "train",
  "val_metrics": {
    "PR_AUC": 0.11062623879961342,
    "ROC_AUC": 0.79375,
    "F1": 0.1111111111111111,
    "Recall@Thr": 0.2,
    "Brier": 0.06199221692257758,
    "Thr": 0.35
  },
  "test_metrics": {
    "PR_AUC": 0.2072111415201166,
    "ROC_AUC": 0.6181102362204725,
    "F1": 0.4,
    "Recall@Thr": 0.3333333333333333,
    "Brier": 0.04809912768992131,
    "Thr": 0.35
  },
  "baseline_val": {
    "PR_AUC": 0.03759398496240601,
    "ROC_AUC": 0.5,
    "F1": 0.0,
    "Recall@Thr": 0.0,
    "Brier": 0.03759398496240601,
    "Thr": 0.35
  },
  "baseline_test": {
    "PR_AUC": 0.045112781954887216,
    "ROC_AUC": 0.5,
    "F1": 0.0,
    "Recall@Thr": 0.0,
    "Brier": 0.045112781954887216,
    "Thr": 0.35
  },
  "xgboost_version": "3.0.5"
}