{
  "model": "xgb_tuned",
  "threshold_for_report": 0.35,
  "prevalence": {
    "train": 0.041935483870967745,
    "val": 0.03759398496240601,
    "test": 0.045112781954887216
  },
  "val": {
    "PR_AUC": 0.10630902970155878,
    "ROC_AUC": 0.784375,
    "F1": 0.0,
    "Recall@Thr": 0.0,
    "Thr": 0.35
  },
  "test": {
    "PR_AUC": 0.2085573252445975,
    "ROC_AUC": 0.6286089238845145,
    "F1": 0.2222222222222222,
    "Recall@Thr": 0.16666666666666666,
    "Thr": 0.35
  }
}