{
  "model": "xgb",
  "threshold_selection": {
    "mode": "fbeta",
    "beta": 2.0,
    "val_best_Fbeta": 0.44444444444444453
  },
  "selected_threshold": 0.042,
  "val": {
    "Precision": 0.16,
    "Recall": 0.8,
    "F1": 0.26666666666666666,
    "PR_AUC": 0.11396360153256704,
    "ROC_AUC": 0.809375,
    "Brier": 0.06844110717671133,
    "Thr": 0.042
  },
  "test": {
    "Precision": 0.09090909090909091,
    "Recall": 0.3333333333333333,
    "F1": 0.14285714285714285,
    "PR_AUC": 0.16561579107912708,
    "ROC_AUC": 0.6561679790026247,
    "Brier": 0.048318519881151344,
    "Thr": 0.042
  }
}